{"cameraMode":{"drawMode":0,"name":"Shaded","section":"Shading Mode"},"sceneLighting":true,"audioPlay":false,"sceneViewState":{"showFog":true,"showMaterialUpdate":false,"showSkybox":true,"showFlares":true,"showImageEffects":true,"showParticleSystems":true},"in2DMode":false,"pivot":{"x":-1.2665624618530274,"y":1.6557414531707764,"z":3.647981643676758},"rotation":{"x":-0.1482512354850769,"y":0.012458667159080506,"z":-0.0018608729587867857,"w":-0.988882303237915},"size":7.511941909790039,"orthographic":false}